{"isStage":false,"name":"Sprite1","variables":{},"lists":{},"broadcasts":{},"customVars":[],"blocks":{"N~#gN+#dm]Dbh*5BY[5C":{"opcode":"event_whenflagclicked","next":null,"parent":null,"inputs":{},"fields":{},"shadow":false,"topLevel":true,"x":498,"y":321}},"comments":{},"currentCostume":0,"costumes":[{"name":"costume1","bitmapResolution":1,"dataFormat":"svg","assetId":"c434b674f2da18ba13cdfe51dbc05ecc","md5ext":"c434b674f2da18ba13cdfe51dbc05ecc.svg","rotationCenterX":26,"rotationCenterY":46}],"sounds":[{"name":"Squawk","assetId":"e140d7ff07de8fa35c3d1595bba835ac","dataFormat":"wav","rate":44100,"sampleCount":16416,"md5ext":"e140d7ff07de8fa35c3d1595bba835ac.wav"}],"id":"5I9nI;7P)jdiR-_X;/%l","volume":100,"visible":true,"x":0,"y":0,"size":100,"direction":90,"draggable":false,"rotationStyle":"all around","extensions":[],"extensionData":{}}